type,name,mod,path,line,declaration
Armor,DeGreaser_Shield_of_Spell_Reflection,DeGreaser,DeGreaser/Public/DeGreaser/Stats/Generated/Data/Armor.txt,37,"new entry ""DeGreaser_Shield_of_Spell_Reflection""
type ""Armor""
using ""ARM_Shield""
data ""RootTemplate"" ""4b255ce5-912c-414e-b936-d9ae4dca0dbd""
data ""Rarity"" ""VeryRare""
data ""Boosts"" ""Resistance(Acid,Resistant)""
data ""ArmorClass"" ""+2""
data ""Weight"" ""1""
data ""ValueUUID"" ""a57433fc-8be8-4efb-ac6b-a625b3bdcd18""
data ""ValueScale"" ""4""
data ""PassivesOnEquip"" ""MageSlayer_Advantage;MageSlayer_AttackCaster;MageSlayer_BreakConcentration""
data ""Unique"" ""1"""
Armor,DeGreaser_Shield_of_Spell_Reflection,ListoPatches,ListoPatches/Public/ListoPatches/Stats/Generated/Data/DegreaserAdamantStuff.txt,1,"new entry ""DeGreaser_Shield_of_Spell_Reflection""
type ""Armor""
using ""DeGreaser_Shield_of_Spell_Reflection""
data ""Rarity"" ""Legendary""
data ""Boosts"" ""CriticalHit(AttackTarget,Success,Never);Resistance(Cold, Resistant);Resistance(Acid, Resistant)""
data ""ValueScale"" ""5.5""
data ""PassivesOnEquip"" ""MAG_MeleeDebuff_AttackDebuff1_OnDamage_Shield_Passive;MOD_AdamantineClad_Shield;MAG_ShieldRiposte_Passive;MageSlayer_Advantage;MageSlayer_AttackCaster;MageSlayer_BreakConcentration"""
StatusData,HALSIN_SHADOWPORTAL_HARDCORE,DeGreaser,DeGreaser/Public/DeGreaser/Stats/Generated/Data/Act1NerfPassives.txt,1,"new entry ""HALSIN_SHADOWPORTAL_HARDCORE""
type ""StatusData""
data ""StatusType"" ""BOOST""
using ""HALSIN_SHADOWPORTAL_HARDCORE""
data ""Boosts"" """""
StatusData,HALSIN_SHADOWPORTAL_HARDCORE,ListoPatches,ListoPatches/Public/ListoPatches/Stats/Generated/Data/Status_BOOST.txt,259,"new entry ""HALSIN_SHADOWPORTAL_HARDCORE""
type ""StatusData""
data ""StatusType"" ""BOOST""
using ""DIFFICULTY_GUSTAVDEV""
data ""Boosts"" ""IncreaseMaxHP(1%)"""
