type,name,classification,file,line,declaration_sha256
PassiveData,BB_PiercingWind_Passive,differing declarations,GraphicFade_Patches.txt,29,ca92b954f63c06edec3a34f1c40586f311bca2f71ee9b13420a739ea949a2c8c
PassiveData,BB_PiercingWind_Passive,differing declarations,GraphicFade_Patches.txt,51,7e40418fbe1e8e048c3642a5d06616dca21e35a4efe8826e04dc062526206990
PassiveData,CSS_HelmArmor_Pass_Weavebane,differing declarations,Objects.txt,789,04503549a474057cd37fb597979ce4b7b9dcd3b6e53672da8b6e189b2d94bd99
PassiveData,CSS_HelmArmor_Pass_Weavebane,differing declarations,Objects.txt,828,7c7c1cef7e598ce9ed39e4d5a2724dd985f1359563c4cb5d022ec3911a253dc0
PassiveData,JWL_Passive_SymbolKelemvor,differing declarations,Discordant Instruments.txt,66,898f67a5153a0e819a1a71137c1695e1785dea92e6eeb77b81a4d6d0754a174e
PassiveData,JWL_Passive_SymbolKelemvor,differing declarations,GraphicFade_Patches.txt,1273,7d619db42a84b1acdf90ed62e0df79df705f37f997ab7a1ea6982f99c2167e71
PassiveData,MAG_Marsh_Strider_Passive,differing declarations,GraphicFade_Patches.txt,984,d68da98efeabd31813a7ee6e6ba95dddc93059a8bb361ceca6c9fc1eff5cab9b
PassiveData,MAG_Marsh_Strider_Passive,differing declarations,stolenDIQMiscPatches.txt,235,eec1dc35ac36cd2d0b497eb32ac96e0afcc647be7b8c193961ca90183206cf19
PassiveData,PP_FeastOnTheWounded_Passive,differing declarations,GraphicFade_Patches.txt,479,8e88e366cf04c9cd3f51945e0fe2ee1110831b22383722c09ae4050c2ce677a7
PassiveData,PP_FeastOnTheWounded_Passive,differing declarations,GraphicFade_Patches.txt,723,0acf605215dea3ac38a59290459165103783ecca0a71d8aaf20b53e04d8b32d8
SpellData,ProjectileStrike_ConjureVolley,identical declarations,SPELLS.txt,715,ff01915d1e83c7520a714371c21e595f43ccd96588615cf3e8bedf82fcc4b0cc
SpellData,ProjectileStrike_ConjureVolley,identical declarations,SPELLS.txt,721,ff01915d1e83c7520a714371c21e595f43ccd96588615cf3e8bedf82fcc4b0cc
SpellData,Projectile_ArrowOfSmokepowder,differing declarations,IMDCSpell_Projectile.txt,123,4b7f1a577b880a8d0ad7bf96876a1471d6014b91966ba19eb349fb5ceb981869
SpellData,Projectile_ArrowOfSmokepowder,differing declarations,Objects.txt,853,67acc32ceabe530ab04445e29a0db69e5872b56a674a4f9e3bb7233f13e0f853
SpellData,Projectile_EldritchBlast,differing declarations,Adjustable Shove-Pull Targeting patches.txt,46,691a133b89e9d7faf254481120c7e6967e86125ca14b48e28b27119abd7c8bef
SpellData,Projectile_EldritchBlast,differing declarations,SPELLS.txt,16,77f6330e9b71789b20f71e00f8406c6f44eda087a57675193ca5e770a11f8210
SpellData,Shout_HolyWeapon_Burst,differing declarations,SPELLS.txt,1841,52358c7c7cc58c427ec68b224e6bbcff716a08ffc73b8d9a45cf3258e0c5cff9
SpellData,Shout_HolyWeapon_Burst,differing declarations,SPELLS.txt,1858,12c36d1c503308e15746622d6b24a301b435599d60319bb2fb37d917e2871101
SpellData,Target_ATT_IncendiaryCloud_Recast,identical declarations,NPC_SPELLS.txt,94,7bd2456889870ae8f3166b6961458fda997a1bf75a668a2718ee3efa569a1d32
SpellData,Target_ATT_IncendiaryCloud_Recast,identical declarations,NPC_SPELLS.txt,104,7bd2456889870ae8f3166b6961458fda997a1bf75a668a2718ee3efa569a1d32
SpellData,Target_ConjureIntellectDevour,differing declarations,CompanionSummonSpells.txt,25,0b1fa7868583c4266b045c7e413171ad6b9eef8baca65f1adb06e345684b4bb0
SpellData,Target_ConjureIntellectDevour,differing declarations,SPELLS.txt,3201,f6b9ab6fc0d16b06f2594a4882daae4792ffb5fee3f38aaa1c6051f46be85e4a
SpellData,Target_DisarmingStrike,differing declarations,RandomCahootFixes.txt,21,bf571992216d4ffd598f77dd02f5dcd992acaed12262517094159fc20a48e7ab
SpellData,Target_DisarmingStrike,differing declarations,SPELLS.txt,3385,614ff6e9e51615405b744e46c51d4f5e681560af45308d02e212cf196b835469
SpellData,Target_ElementalWeapon_Acid_5,differing declarations,SPELLS.txt,3511,c8ad10912747e2c5f2623bb8ccb49db4a30b7f12e74235fedc9ab15826477465
SpellData,Target_ElementalWeapon_Acid_5,differing declarations,SPELLS.txt,3516,955b9a60debd6a033d3dbb135661913fc45b0e2087a4d9a6c274e7563cf3f29f
SpellData,Target_ElementalWeapon_Cold_5,differing declarations,SPELLS.txt,3587,2ef5a1798f8a943a47fe16132d09405e6a8bf065ebd1ee338d62d6a507e25e64
SpellData,Target_ElementalWeapon_Cold_5,differing declarations,SPELLS.txt,3592,a3de27c92bf8d5d3d9758af88bedda05c2ca0c7aa6023a99761d1a90b30e1494
SpellData,Target_ElementalWeapon_Fire_5,differing declarations,SPELLS.txt,3663,a3a80c24a9f903fba3b04c52934cfd6678e93ee0b4fa30e05980e49aae2f988f
SpellData,Target_ElementalWeapon_Fire_5,differing declarations,SPELLS.txt,3668,5c8afdccb72d0b6a6be0b74bab4f59231f6c05b09cc13578b40f2a534d2f3615
SpellData,Target_ElementalWeapon_Lightning_5,differing declarations,SPELLS.txt,3739,96ca95b8f601b7f933e2ebe5f87f86d0717ed91c7b570d502ab4f31d02d374bb
SpellData,Target_ElementalWeapon_Lightning_5,differing declarations,SPELLS.txt,3744,51988a2e8caaa6f4e06d2ec396c67df641a0e558cb583ee30a9acec59d67aac3
SpellData,Target_ElementalWeapon_Thunder_5,differing declarations,SPELLS.txt,3815,1354cc3c1be7119c664c2685b7f867d3fadd92b9ba501b710f76f9eceab24247
SpellData,Target_ElementalWeapon_Thunder_5,differing declarations,SPELLS.txt,3820,6a6d7e6931928c28a152f307edaa8abd99b8fd84e20f7f32c49b421b109d2110
SpellData,Target_FindFamiliar,differing declarations,SPELLS.txt,4085,e270c96e48e2ad060fb39758358350341de44623ad56e6e76cacd9029baf930f
SpellData,Target_FindFamiliar,differing declarations,SPELLS.txt,4093,b5870e4dd58b146587f8e14a3130038e7efca4f60c3921aa1b14716644e10301
SpellData,Target_FindFamiliar_Boo,differing declarations,CompanionSummonSpells.txt,33,a21e252e6e7efb3aedadca3eaa2ba16371ec42bbe1f53a363e5560bedb20e5ab
SpellData,Target_FindFamiliar_Boo,differing declarations,SPELLS.txt,4102,7548771de18d7fa7cab7c70f498e185fa5e3851b41ca7adc54af78085efeb319
SpellData,Target_FindFamiliar_Dog,differing declarations,CompanionSummonSpells.txt,1,055b7464099752e64bef925e5af5ebad38d0eb666f49b882c24655091d996731
SpellData,Target_FindFamiliar_Dog,differing declarations,SPELLS.txt,4111,23b5ee1b59df6cbe99a0072e512274df7c85709031ef735c6b28bd1786849579
SpellData,Target_HolyRebuke,differing declarations,SPELLS.txt,4715,c17762df1990655d3d36dfe8019e06a47454b648b452686bd1d7567b176f76ed
SpellData,Target_HolyRebuke,differing declarations,SPELLS.txt,4721,34fbb0781042325808531a395196e43a93b6d8e3508138b1a93be81625eae22f
SpellData,Target_HolyWeapon,differing declarations,SPELLS.txt,4729,d65f29c823e4bb80dd50cf22931a8f78f229292b204789a9da4a069287a35068
SpellData,Target_HolyWeapon,differing declarations,SPELLS.txt,4740,5d4503c76058e5ddf0d16a4ea6c95f2a7217ff2f389efad3676e418a181c19f0
SpellData,Target_LightningCharged_3,differing declarations,SPELLS.txt,4953,7deabfdb5a818cab6cee6375ed1f485bbd0a9fb1fabc0ac0fe3424fe71008a70
SpellData,Target_LightningCharged_3,differing declarations,SPELLS.txt,4960,9aef18b36bb61aae3716575116cbf76575518affd2b23fc8d1cd65a48ba5245e
SpellData,Target_LightningCharged_4,differing declarations,SPELLS.txt,4967,aa762888283fb6ee8880de7d4a56236bc647e554a1e4fdafd6ed227014b26032
SpellData,Target_LightningCharged_4,differing declarations,SPELLS.txt,4974,179d917a855e4089c85a273834e0ca572efef8802fb8f2899c748438fe434227
SpellData,Target_LightningCharged_5,differing declarations,SPELLS.txt,4981,76fc0f37ad39fe55a24ba34ff52503427319bd1e5a802b69287e6b3b16dc13a0
SpellData,Target_LightningCharged_5,differing declarations,SPELLS.txt,4988,3281e79c7ce0ddde6164465d46b07051a98e11d2371263ecacfe123ed774f12f
SpellData,Target_LightningCharged_6,differing declarations,SPELLS.txt,4995,297b0ef2047d2e9ab00bcdaa9fec2d2691855a140c56f65f913e994736435cd2
SpellData,Target_LightningCharged_6,differing declarations,SPELLS.txt,5002,e02df43a90b7d1ad70ff8427749c82405ae978af1795f51e93c78c0f21d074f0
SpellData,Target_LightningCharged_7,differing declarations,SPELLS.txt,5009,d31404ee24fa3be185f956c33c5faa9a925911ff736d8bb65fd14805d7444768
SpellData,Target_LightningCharged_7,differing declarations,SPELLS.txt,5016,bae15159c7da6da224d33ee1e49e23afc0c5f24f8fbcb7e8bd32d29852b8faa0
SpellData,Target_LightningCharged_8,differing declarations,SPELLS.txt,5023,e7b24d475a01984e916c17197e59f0ae805461f73181a600e2f13959e5bdb6a2
SpellData,Target_LightningCharged_8,differing declarations,SPELLS.txt,5030,d290e335fd403cd9e672ee45b59034bf5832772ec7eca7c317f71bf8d81e0280
SpellData,Target_MagicCircle,differing declarations,SPELLS.txt,5291,8e838917149f1af02bdf9dc72b676ab6930b48977cf51e97e2b23356383a3968
SpellData,Target_MagicCircle,differing declarations,SPELLS.txt,5301,f4a2b78910d9d9195a29d2709bfb0d89c3bdc479ce4171e4ce10d8f881ec1805
SpellData,Target_MotivationalSpeech,differing declarations,NPC_SPELLS.txt,158,072578ec4f7a96d9f92f666954deb7bde399ed35c67e8d48fd3501d4e8b2913d
SpellData,Target_MotivationalSpeech,differing declarations,NPC_SPELLS.txt,164,072578ec4f7a96d9f92f666954deb7bde399ed35c67e8d48fd3501d4e8b2913d
SpellData,Target_MotivationalSpeech,differing declarations,SPELLS.txt,5511,55a2a9f9f945d2eb88e4325b9d4963c5c273b01a9f60e26223f2b47d93f73c07
SpellData,Target_MotivationalSpeech,differing declarations,SPELLS.txt,5519,64cd488b65b0d70ae17d8bfd0b463348994b38af5cc6b382397519601ea86f8d
SpellData,Target_MotivationalSpeech,differing declarations,SPELLS.txt,5529,df6117249b96bcd0b04dbe58d936c36a09a86b4298d14161ce03042ee35ac6d5
SpellData,Target_MotivationalSpeech_4,differing declarations,NPC_SPELLS.txt,187,d11d04b8d5a9431c32f1f1a885bfd70da2364097e9544571753451ba10545e42
SpellData,Target_MotivationalSpeech_4,differing declarations,NPC_SPELLS.txt,193,eb139b245227e4ce389959f33abb21b89272fa9663cc882ee4fcfc3af14c411c
SpellData,Target_MotivationalSpeech_4,differing declarations,SPELLS.txt,5537,a3806a2bb114d00fcb93ef7bfc45fb5d64ed077e5d47ae1fae3e169702b9cc07
SpellData,Target_MotivationalSpeech_5,differing declarations,NPC_SPELLS.txt,217,897237a30a58158be56c55dc47e33789c3ddef4286b716b36be22332b6cb75c1
SpellData,Target_MotivationalSpeech_5,differing declarations,NPC_SPELLS.txt,223,4df1f41226b6c94671cd2ec57308b1eef29e9d051f4abc6ede2c04cc657b02c1
SpellData,Target_MotivationalSpeech_5,differing declarations,SPELLS.txt,5545,36438b58fe73f54624de8ba93357703e1cd1e0e2a906f696480158a498c20417
SpellData,Target_MotivationalSpeech_6,differing declarations,NPC_SPELLS.txt,247,b8696a722cbaee3317086cc0e2ef11978d364896898b18d79e253cc5e9313eec
SpellData,Target_MotivationalSpeech_6,differing declarations,NPC_SPELLS.txt,253,e21a971b31846dc7a565f40f629b3ee81cde6476dd9bea82fb82531168103e4a
SpellData,Target_MotivationalSpeech_6,differing declarations,SPELLS.txt,5551,b1df56f98ef275dc70c60b35a7dfccec241b3776ef59440dde1029795f4d40fc
SpellData,Target_MotivationalSpeech_AI,differing declarations,NPC_SPELLS.txt,170,71c8dde87189339f98ff668d4a3616b9fd079a623861cf1d5d43e13059898597
SpellData,Target_MotivationalSpeech_AI,differing declarations,NPC_SPELLS.txt,179,11ecf6e3848209697351dc0cc15b5706270d8ac423baf299fafc579f9e1ac427
SpellData,Target_MotivationalSpeech_AI_4,differing declarations,NPC_SPELLS.txt,199,96ac1fcd6faaec835f73a3937799399ebf48fb3afb3b5e2ff7f88a6a175f99b1
SpellData,Target_MotivationalSpeech_AI_4,differing declarations,NPC_SPELLS.txt,209,5ec04fb8c97489f650ae000b5038b2280173320b1edbefbb0768ab7a62bc3d77
SpellData,Target_MotivationalSpeech_AI_5,differing declarations,NPC_SPELLS.txt,229,26e03eb61f5b3e1d76afac8c33b614bc0d88abaaacdd70272b17fafa559b5015
SpellData,Target_MotivationalSpeech_AI_5,differing declarations,NPC_SPELLS.txt,239,bc02195ff60aac2de19339dd2852f49b19da007e35694ed240280fc5b38a13da
SpellData,Target_MotivationalSpeech_AI_6,differing declarations,NPC_SPELLS.txt,259,2f9b4ce5071b79fb99d7a8246d6f9fa8cd15d42d199ac3c603dd455f8861b88a
SpellData,Target_MotivationalSpeech_AI_6,differing declarations,NPC_SPELLS.txt,271,7a15e52057777c981ebd29501d93aee54db0a5980773fbdd4862a5d1b9219d3a
SpellData,Target_Regenerate,differing declarations,SPELLS.txt,5974,59f4428dc488d7ce2972af1f133125750f8c0f79888528867174717a410c40ba
SpellData,Target_Regenerate,differing declarations,SPELLS.txt,5982,9118eed5acc801e54ab78448ea7cc4a117626f15eda6f4b6d1032b2a1acf34cd
SpellData,Target_SteelWindStrike_6,differing declarations,NPC_SPELLS.txt,314,c57beb1e8bdf989f39a9e7a6ccd5638193ad0a6c5966fae907513f949bb57b10
SpellData,Target_SteelWindStrike_6,differing declarations,NPC_SPELLS.txt,320,1a9fa311d2460a23f6d92bdba2b63ff77706458bf9b2831c3fabd3027d54ad65
SpellData,Target_SteelWindStrike_6_AI,differing declarations,NPC_SPELLS.txt,326,236c9d81e0b80eaa0956bbe495f3a6e5621cf5b81bf4e30798c34dca7dd1404a
SpellData,Target_SteelWindStrike_6_AI,differing declarations,NPC_SPELLS.txt,336,c0383832749fb416f9304b3477f7bc59a60a8c6f150956d339c61de5931cef38
SpellData,Target_SteelWindStrike_7,differing declarations,NPC_SPELLS.txt,344,73d27afec303ade0683944f920247858c02edf17285cf7c07ea71652d7ab8e5e
SpellData,Target_SteelWindStrike_7,differing declarations,NPC_SPELLS.txt,350,ae08f0593566e50ade2f504267b7a6a425d6376ab89ff7414576c9bb74dd378e
SpellData,Target_SteelWindStrike_7_AI,differing declarations,NPC_SPELLS.txt,356,20c91be58cb029c7ccd3800ae3622a94f14e0bcc2f20e79ca328f5bd334b8056
SpellData,Target_SteelWindStrike_7_AI,differing declarations,NPC_SPELLS.txt,370,0b488f211600b7cbb1a3741f34f0aae4a5ea628ffa326850d0a9d8c7705e6de5
SpellData,Target_SteelWindStrike_AI,differing declarations,NPC_SPELLS.txt,297,8826d8de14d97821fb9e98ff242326f391bcb4ffe1d6c36c712f5f76a1992911
SpellData,Target_SteelWindStrike_AI,differing declarations,NPC_SPELLS.txt,306,092cfcc54f053b152dd3b20ff0c77decc054212f3aacd47911695e0b26092f02
SpellData,Target_Sunburst,differing declarations,NPC_SPELLS.txt,384,fb44da4cd213f58ad87d16b25f2afcecb97b728969c9592dd17590f8a81831f8
SpellData,Target_Sunburst,differing declarations,NPC_SPELLS.txt,392,fb44da4cd213f58ad87d16b25f2afcecb97b728969c9592dd17590f8a81831f8
SpellData,Target_Sunburst,differing declarations,SPELLS.txt,7213,a77f8fa5bbc8cc6a18e2f0bad2d2ff0a4a4d3a6c77ea69a58cbea9e790922ac8
SpellData,Teleportation_DimensionDoor,differing declarations,SPELLS.txt,7629,09ed39b4800c1d80bbc9d15b75b5045eb523861a151e5e018965cf87cb03613e
SpellData,Teleportation_DimensionDoor,differing declarations,SPELLS.txt,7638,382a6fb4c5150a8df618d72c6cec05bcb5aad69fea17a4b153badb571400744d
SpellData,Teleportation_DimensionDoor_7,differing declarations,SPELLS.txt,7656,2f73fddfc0c1a02d25aa3f40eb047add67ce2a46b3fcd84e66d1fcbf14959e9c
SpellData,Teleportation_DimensionDoor_7,differing declarations,SPELLS.txt,7665,dedb68381a70b918bad678ec847b2967d7254dc0788d5f566a7a3262f6dfaaec
SpellData,Teleportation_DimensionDoor_8,differing declarations,SPELLS.txt,7673,c77b9a9fb2511c52d84f63f6ef9d953217f2c452d470102b03d1f791bc9655c3
SpellData,Teleportation_DimensionDoor_8,differing declarations,SPELLS.txt,7682,39b2335e6a2d4cf8fba388f292a5133541eaf0efa9645af87eaed4597754d2c6
SpellData,Teleportation_DimensionDoor_9,differing declarations,SPELLS.txt,7690,f2771622d813cb753ca0222682a3fc35c7c50782cbda570c5e6cd2bb92d9598d
SpellData,Teleportation_DimensionDoor_9,differing declarations,SPELLS.txt,7701,2c540d2dcdf4cbc1d24c9ab862b65ccd4d9e783c278455436b742740c1f32a56
SpellData,Teleportation_MAG_Dolor_DimensionDoor,differing declarations,CahootGear.txt,563,e34f3e75b87b30231cc5b96e2bcf91853932070c5f9b54be75d5e6503235f172
SpellData,Teleportation_MAG_Dolor_DimensionDoor,differing declarations,SPELLS.txt,7711,8616ae08e0ca050bb01b66ebd9c16f2deacfb25a2ed9e2772cd460e2f1ac9f43
SpellData,VV_AssassinMark,differing declarations,GraphicFade_Patches.txt,1037,4e460722a666d75b462b8fe53e76af275146bd49a311475481897ac526f7d040
SpellData,VV_AssassinMark,differing declarations,GraphicFade_Patches.txt,1093,c32629b66578c6fc8d268156bce88d1496173d20b3a4aecbfc3befc5f5b96c39
StatusData,BLESSING_OF_THE_TRICKSTER,differing declarations,BlessingOfTheTricksterBuff.txt,1,2b663193295310bc36661caf93f996622656f50e347b7470f83d4b66024926a6
StatusData,BLESSING_OF_THE_TRICKSTER,differing declarations,STATUSES.txt,105,b344f1343e003455317cdbb069581559b95aad26e3a6a079db9e96ae33bceb40
StatusData,CRUSADERS_MANTLE,differing declarations,RandomCahootFixes.txt,55,50a0afdf60f32d8c9e58ec7faafc476587743803d41de576cbc0ca6c32686527
StatusData,CRUSADERS_MANTLE,differing declarations,STATUSES.txt,262,6279d85df361a57e37222455d7080a84a13e1a45a2536abfc1d07e8ada05a6b5
StatusData,CRUSADERS_MANTLE_AURA,differing declarations,RemoveLogSpam.txt,7,d3a3ae7cfbd49b1bbb3e5a063338cc53e0b7713ea0cc11a0b4860891bf90f04d
StatusData,CRUSADERS_MANTLE_AURA,differing declarations,STATUSES.txt,319,18b69ac4ba05386b377a9410912df5bdf03e0545d346d0e40f51b44cb2be3164
StatusData,HEX_REAPPLY,differing declarations,STATUSES.txt,936,a9870155d3bc2371f519e49dd3e643e239750a8844f93674d3a4619e90eefbcb
StatusData,HEX_REAPPLY,differing declarations,STATUSES.txt,943,154b7670cededc624b28d357ef7b49987d7771c10b08f7279931c1441efe2f76
StatusData,HOLY_WEAPON,differing declarations,STATUSES.txt,963,ddb6d5f311dc351e4b6116dfcff62d267525a0d8368df8df3ada218ec67925cc
StatusData,HOLY_WEAPON,differing declarations,STATUSES.txt,975,80e379a2f7434e43bae92e13ce7af9b023835739451af004af7168caea8ff3a9
StatusData,HOLY_WEAPON,differing declarations,STATUSES.txt,987,afc77b96a041811cf418b47f9b928ff67f8ebe4d2f5ba6d920a23c5a4427d564
StatusData,HOLY_WEAPON_TECHNICAL,differing declarations,STATUSES.txt,994,f34f23d110b91ce69814b4ee32de8edaef05e2fe5aeca732ce50555ea6e82f63
StatusData,HOLY_WEAPON_TECHNICAL,differing declarations,STATUSES.txt,1004,ea31db854515544617102fa807093147c8fde2459f5a6b85e94f70f5d2443178
StatusData,LONGSTRIDER,differing declarations,STATUSES.txt,1043,6c667286da106b2c09f58d06e5afe7f41d81f387e6bae695a1323b36723f1f36
StatusData,LONGSTRIDER,differing declarations,STATUSES.txt,1050,d174cd09c2253a25c0f41f8a2072fadb1005664fe1d3f0a78e51925cc83c1be8
StatusData,MAGIC_WEAPON,differing declarations,STATUSES.txt,1075,c8b6363b65e31fc678052570273f16cdc7e4cafd759a1e889875b1237d96adbf
StatusData,MAGIC_WEAPON,differing declarations,STATUSES.txt,1082,ac844f459bf392c89b8b7128f10b0c1fccf46288738619af4212c2ca31894202
StatusData,SCL_MOONSHIELD,identical declarations,STATUSES.txt,1508,47d5bb3a4b9f189d4eb5bac3aa93a02c84736baf1f71394826cdf2e19de5bac8
StatusData,SCL_MOONSHIELD,identical declarations,STATUSES.txt,1514,47d5bb3a4b9f189d4eb5bac3aa93a02c84736baf1f71394826cdf2e19de5bac8
StatusData,SHIELD_OF_FAITH,differing declarations,STATUSES.txt,1592,570769d9ddde85f58427de8d51608921d3ca44aa01eda10221192f69a44c7a2a
StatusData,SHIELD_OF_FAITH,differing declarations,STATUSES.txt,1599,1c2f12708ed89b6988c0acd3ec8b38b96ebfc7e6fd9e9fb1e65ab4c2f97fe9cb
StatusData,SHIELD_OF_FAITH,differing declarations,STATUSES.txt,1605,1c2f12708ed89b6988c0acd3ec8b38b96ebfc7e6fd9e9fb1e65ab4c2f97fe9cb
StatusData,STONESKIN,differing declarations,STATUSES.txt,1683,1b30a859ca4980057757759547abce1b940fdb4d70dde76e9cc48729afa72e94
StatusData,STONESKIN,differing declarations,STATUSES.txt,1694,aa30bbee100e7b5f44551cc65235cf43df25b3ccc2477292e71ee50132654591
Weapon,MAG_Fire_FireDamage_Quarterstaff,differing declarations,CahootGear.txt,125,c6b1c4a15990b574f9cbc1a67f704b69ad4412c061f6eb35e85325b8c84fa5c4
Weapon,MAG_Fire_FireDamage_Quarterstaff,differing declarations,stolenDIQMiscPatches.txt,145,b4bef9829be72cc0ef8fbc283d7a27bf956739918256b6e71431ff1a244333c9
Weapon,WPN_Scimitar_FlameBlade,differing declarations,WEAPONS.txt,6,bbcfbd741b9151bd5b4ea697b06f546a82f6e07ef85fd63292ce4db7f0bfe214
Weapon,WPN_Scimitar_FlameBlade,differing declarations,stolenDIQMiscPatches.txt,150,9fa5e7b905fd47b4e8bce9f4f7217dff7cb494e4cd578f6480a1f080f46a2578
